,mean,std,min,25%,50%,75%,max
活力程度(Li),1.913181251650406,1.307263725772931,0.495463511,1.154235382,1.666603872,2.310326099,10.32480329
销售能力(Ii),0.06046245174796748,0.18415977462602032,-1.15050141,0.0241359885,0.068401873,0.1176037815,0.826803491
合作能力(Ci),0.7913937328699185,0.631702904120662,0.003773289,0.34291864400000005,0.655714963,1.01000022,3.532491901
营销能力(Si),0.30773912601626013,1.0528031306347079,-0.101350521,0.085931992,0.135342988,0.233817617,8.38041558
被退货率(Ei),1.0977684835609758,4.685215391864308,-25.32876712,1.0420494544999999,1.61219131,2.3362671864999998,7.118334892
