Name,currentRatio,netProfitMargin,assetTurnover,operatingCashFlowSalesRatio,debtEquityRatio,PD,RI,Strength_Score
Apple Inc.,1.11,0.23,0.8,0.35,0.59,0.00816150361828499,10.108317677793032,0.11240849912037573
Walmart Inc.,0.86,0.03,2.45,0.06,0.6,0.0132715730034399,0.0,0.21028175646236005
NVIDIA Corp,6.29,0.22,0.54,0.4,0.2,0.9226683600874477,29.059727161788107,0.7485088951040195
Xerox Holdings,1.5,-0.04,0.6,0.07,2.78,0.9388901540557602,100.0,0.1078283031802916
EYRC Worldwide,1.25,-0.01,2.55,0.01,-4.19,0.7842314485773807,62.41407995474128,0.3177289624995571
